{
	"title": "DAT Calibration",
	"active": true,
	"rootNode": {
		"id": "ckl7266qf00002a6jl7ujxd91",
		"tag": "a2j-template",
		"state": {},
		"children": [
			{
				"id": "ckl726ggo00012a6jcxoxpe2i",
				"tag": "a2j-rich-text",
				"state": {
					"notes": "",
					"userContent": "<p><span style=\"font-size:72px\"><span style=\"font-family:Arial,Helvetica,sans-serif\">[ARIAL72] THIS IS A TEST</span></span></p>\n\n<p>&nbsp;</p>\n\n<p><span style=\"font-family:Times New Roman,Times,serif\"><span style=\"font-size:72px\">[TIMES NEW ROMAN72] THIS IS A TEST</span></span></p>\n\n<p>&nbsp;</p>\n"
				},
				"children": []
			}
		]
	},
	"header": "",
	"hideHeaderOnFirstPage": false,
	"footer": "",
	"hideFooterOnFirstPage": false,
	"createdAt": 1613422622154,
	"guideId": "14727",
	"templateId": 1,
	"updatedAt": 1613422976537
}